Date,Ordered Product Sales,Units Ordered,Total Order Items,Page Views - Total,Sessions - Total,Featured Offer (Buy Box) Percentage,Unit Session Percentage,Average Offer Count,Average Parent Items
24/09/2022,"AED 4,426.00",38,35,"6,930","4,731",9.22%,0.80%,"1,117","1,062"
25/09/2022,"AED 1,922.51",19,16,"7,339","4,932",6.58%,0.39%,"1,109","1,056"
26/09/2022,"AED 2,240.00",20,17,"7,071","4,820",7.62%,0.41%,"1,112","1,058"
27/09/2022,"AED 2,821.90",25,24,"7,483","5,069",6.91%,0.49%,"1,117","1,063"
28/09/2022,"AED 2,518.00",23,21,"7,232","4,971",8.05%,0.46%,"1,137","1,082"
29/09/2022,"AED 3,694.80",33,28,"7,324","5,072",8.87%,0.65%,"1,132","1,079"
30/09/2022,"AED 2,146.00",20,18,"6,636","4,523",7.08%,0.44%,"1,123","1,071"
01/10/2022,"AED 4,163.00",31,25,"7,393","4,931",7.22%,0.63%,"1,133","1,082"
02/10/2022,"AED 5,474.40",46,38,"8,022","5,364",7.08%,0.86%,"1,117","1,068"
03/10/2022,"AED 5,001.00",36,31,"8,037","5,452",7.70%,0.66%,"1,116","1,067"
04/10/2022,"AED 3,543.25",29,27,"7,551","5,107",7.05%,0.57%,"1,107","1,059"
05/10/2022,"AED 4,355.00",40,33,"7,489","5,125",7.84%,0.78%,"1,118","1,070"
06/10/2022,"AED 1,972.50",18,18,"6,869","4,629",7.25%,0.39%,"1,110","1,062"
07/10/2022,"AED 2,654.94",29,26,"6,485","4,412",10.24%,0.66%,"1,103","1,055"
08/10/2022,"AED 2,923.00",29,28,"6,342","4,327",7.47%,0.67%,"1,089","1,043"
09/10/2022,"AED 2,630.00",20,19,"7,149","4,859",6.00%,0.41%,"1,082","1,036"
10/10/2022,"AED 3,469.20",34,31,"7,405","4,875",6.41%,0.70%,"1,088","1,043"
11/10/2022,"AED 4,412.00",38,34,"7,110","4,891",7.55%,0.78%,"1,104","1,059"
12/10/2022,"AED 4,758.00",41,32,"7,123","4,955",8.77%,0.83%,"1,086","1,045"
13/10/2022,"AED 2,739.00",26,25,"6,868","4,659",7.82%,0.56%,"1,078","1,037"
14/10/2022,"AED 2,913.00",22,20,"6,113","4,179",6.31%,0.53%,"1,067","1,026"
15/10/2022,"AED 2,229.99",19,17,"10,302","7,538",4.36%,0.25%,"1,088","1,045"
16/10/2022,"AED 2,397.43",21,19,"10,853","7,739",4.68%,0.27%,"1,082","1,039"
17/10/2022,"AED 2,714.30",23,20,"8,979","6,325",6.10%,0.36%,"1,107","1,065"
18/10/2022,"AED 2,922.00",24,19,"8,711","6,182",7.03%,0.39%,"1,115","1,075"
19/10/2022,"AED 3,089.00",23,23,"8,746","6,162",6.73%,0.37%,"1,106","1,065"
20/10/2022,"AED 2,570.19",16,15,"8,629","6,180",6.44%,0.26%,"1,103","1,062"
21/10/2022,"AED 3,405.00",27,21,"7,520","5,330",6.24%,0.51%,"1,101","1,060"
22/10/2022,"AED 3,680.00",39,32,"6,541","4,350",7.20%,0.90%,"1,093","1,052"
23/10/2022,"AED 1,891.00",17,17,"7,119","4,751",6.31%,0.36%,"1,091","1,050"
24/10/2022,"AED 2,231.00",25,20,"6,862","4,621",6.02%,0.54%,"1,108","1,068"
25/10/2022,"AED 4,912.00",37,33,"6,928","4,768",8.05%,0.78%,"1,124","1,082"
26/10/2022,"AED 4,809.00",34,27,"7,252","5,097",8.84%,0.67%,"1,101","1,062"
27/10/2022,"AED 4,642.99",32,27,"6,709","4,678",6.54%,0.68%,"1,094","1,054"
28/10/2022,"AED 2,874.04",24,18,"6,441","4,313",7.06%,0.56%,"1,090","1,050"
29/10/2022,"AED 4,123.00",37,28,"6,346","4,336",7.99%,0.85%,"1,076","1,036"
30/10/2022,"AED 4,814.00",38,31,"6,954","4,653",7.16%,0.82%,"1,086","1,049"
31/10/2022,"AED 2,815.00",27,24,"6,977","4,783",7.95%,0.56%,"1,077","1,040"
01/11/2022,"AED 4,461.99",47,37,"6,704","4,585",8.05%,1.03%,"1,067","1,029"
02/11/2022,"AED 3,869.00",26,25,"6,977","4,758",6.49%,0.55%,"1,077","1,037"
03/11/2022,"AED 4,347.40",29,25,"6,526","4,530",7.78%,0.64%,"1,087","1,047"
04/11/2022,"AED 6,107.35",46,35,"6,353","4,379",9.54%,1.05%,"1,097","1,047"
05/11/2022,"AED 4,118.40",35,30,"6,644","4,503",8.70%,0.78%,"1,105","1,051"
06/11/2022,"AED 3,144.90",22,22,"6,819","4,672",8.46%,0.47%,"1,099","1,045"
07/11/2022,"AED 3,571.00",29,26,"7,123","5,016",8.55%,0.58%,"1,105","1,050"
08/11/2022,"AED 4,152.00",28,25,"7,075","4,934",9.34%,0.57%,"1,104","1,049"
09/11/2022,"AED 3,548.00",30,29,"10,721","7,076",5.89%,0.42%,"1,099","1,044"
10/11/2022,"AED 3,984.00",28,27,"12,313","8,166",4.95%,0.34%,"1,111","1,055"
11/11/2022,"AED 7,570.00",50,43,"13,594","8,842",5.49%,0.57%,"1,094","1,040"
12/11/2022,"AED 3,758.00",28,27,"10,991","7,265",4.85%,0.39%,"1,107","1,052"
13/11/2022,"AED 3,774.00",27,25,"6,764","4,669",7.38%,0.58%,"1,094","1,042"
14/11/2022,"AED 3,345.00",25,22,"6,632","4,602",9.08%,0.54%,"1,097","1,045"
15/11/2022,"AED 4,169.00",34,29,"6,122","4,277",9.13%,0.79%,"1,081","1,031"
16/11/2022,"AED 5,005.00",36,31,"5,991","4,138",8.30%,0.87%,"1,070","1,022"
17/11/2022,"AED 1,689.00",14,14,"5,927","4,021",7.66%,0.35%,"1,069","1,022"
18/11/2022,"AED 3,699.00",30,25,"5,685","3,954",7.56%,0.76%,"1,082","1,034"
19/11/2022,"AED 2,099.00",17,14,"5,810","4,040",7.21%,0.42%,"1,080","1,029"
20/11/2022,"AED 4,449.00",33,28,"7,564","5,073",5.99%,0.65%,"1,069","1,018"
21/11/2022,"AED 2,995.20",23,19,"8,014","5,486",6.30%,0.42%,"1,090","1,036"
22/11/2022,"AED 3,512.05",28,26,"8,991","6,135",5.26%,0.46%,"1,104","1,044"
23/11/2022,"AED 3,202.00",28,24,"9,393","6,392",5.41%,0.44%,"1,094","1,035"
24/11/2022,"AED 4,549.00",30,23,"8,798","5,851",4.64%,0.51%,"1,083","1,024"
25/11/2022,"AED 2,913.35",24,24,"9,375","6,180",4.28%,0.39%,"1,073","1,016"
26/11/2022,"AED 2,870.00",21,20,"9,440","6,148",5.87%,0.34%,"1,088","1,031"
27/11/2022,"AED 5,621.12",43,40,"9,620","6,300",5.33%,0.68%,"1,078","1,021"
28/11/2022,"AED 2,730.00",22,18,"9,234","6,159",5.74%,0.36%,"1,067","1,010"
29/11/2022,"AED 3,532.70",27,24,"6,293","4,319",6.04%,0.63%,"1,071","1,014"
30/11/2022,"AED 2,366.00",16,13,"6,085","4,174",7.31%,0.38%,"1,074","1,017"
01/12/2022,"AED 2,770.05",19,18,"5,765","3,840",6.02%,0.49%,"1,065","1,009"
02/12/2022,"AED 1,740.68",11,11,"5,973","4,027",6.36%,0.27%,"1,061","1,004"
03/12/2022,"AED 3,333.00",23,22,"6,327","4,229",6.76%,0.54%,"1,058","1,001"
04/12/2022,"AED 2,111.00",18,17,"7,128","4,615",4.91%,0.39%,"1,049",992
05/12/2022,"AED 2,845.00",24,24,"6,911","4,681",6.28%,0.51%,"1,061","1,004"
06/12/2022,"AED 4,304.00",30,27,"6,918","4,720",6.76%,0.64%,"1,088","1,030"
07/12/2022,"AED 3,253.00",21,19,"7,063","4,786",7.86%,0.44%,"1,082","1,024"
08/12/2022,"AED 3,786.00",28,27,"6,466","4,409",6.28%,0.64%,"1,075","1,018"
09/12/2022,"AED 3,007.49",24,23,"5,955","4,048",7.42%,0.59%,"1,095","1,038"
10/12/2022,"AED 4,765.90",32,27,"5,791","4,033",7.24%,0.79%,"1,080","1,024"
11/12/2022,"AED 1,898.00",14,14,"6,753","4,566",6.49%,0.31%,"1,083","1,027"
12/12/2022,"AED 2,447.00",19,18,"7,196","4,988",7.84%,0.38%,"1,084","1,029"
13/12/2022,"AED 2,512.00",22,20,"6,693","4,658",7.59%,0.47%,"1,080","1,025"
14/12/2022,"AED 5,887.00",60,49,"6,595","4,436",9.20%,1.35%,"1,067","1,012"
15/12/2022,"AED 3,809.00",29,27,"6,324","4,379",7.50%,0.66%,"1,072","1,016"
16/12/2022,"AED 2,877.00",30,18,"6,408","4,484",7.46%,0.67%,"1,079","1,024"
17/12/2022,"AED 4,926.00",37,34,"6,761","4,848",7.07%,0.76%,"1,066","1,013"
18/12/2022,"AED 2,962.00",19,18,"6,910","4,652",6.43%,0.41%,"1,058","1,006"
19/12/2022,"AED 3,378.00",27,23,"7,195","5,025",7.56%,0.54%,"1,085","1,031"
20/12/2022,"AED 2,133.06",18,16,"6,819","4,682",7.19%,0.38%,"1,078","1,025"
21/12/2022,"AED 2,820.00",21,19,"6,689","4,597",5.67%,0.46%,"1,078","1,026"
22/12/2022,"AED 2,783.00",23,18,"6,417","4,462",6.20%,0.52%,"1,090","1,038"
23/12/2022,"AED 1,505.00",10,7,"5,911","3,996",6.50%,0.25%,"1,089","1,036"
24/12/2022,"AED 2,288.00",15,15,"6,038","4,101",7.06%,0.37%,"1,085","1,032"
25/12/2022,"AED 2,250.00",16,14,"6,292","4,276",5.48%,0.37%,"1,089","1,036"
26/12/2022,"AED 1,937.00",14,12,"6,875","4,697",5.38%,0.30%,"1,089","1,037"
27/12/2022,"AED 3,169.00",26,21,"7,191","4,934",5.10%,0.53%,"1,089","1,037"
28/12/2022,"AED 4,330.00",33,25,"7,228","4,934",6.06%,0.67%,"1,079","1,028"
29/12/2022,"AED 2,843.00",21,19,"6,458","4,498",7.60%,0.47%,"1,069","1,018"
30/12/2022,"AED 2,376.00",21,20,"6,083","4,159",7.58%,0.50%,"1,064","1,013"
31/12/2022,"AED 2,680.00",23,21,"5,309","3,635",6.57%,0.63%,"1,059","1,009"
01/01/2023,"AED 2,089.00",22,22,"5,860","3,953",7.51%,0.56%,"1,052","1,003"
02/01/2023,"AED 3,014.00",23,20,"7,347","5,036",5.83%,0.46%,"1,044",995
03/01/2023,"AED 3,294.00",25,23,"7,424","5,137",5.98%,0.49%,"1,051","1,001"
04/01/2023,"AED 2,820.00",23,21,"7,648","5,271",5.15%,0.44%,"1,048",998
05/01/2023,"AED 2,370.00",19,18,"6,715","4,675",4.99%,0.41%,"1,039",990
06/01/2023,"AED 2,858.50",27,25,"6,361","4,315",6.54%,0.63%,"1,054",984
07/01/2023,"AED 3,709.26",37,34,"6,756","4,355",9.10%,0.85%,"1,052",983
08/01/2023,"AED 5,046.40",50,46,"7,098","4,906",9.45%,1.02%,"1,039",973
09/01/2023,"AED 4,548.62",42,39,"6,904","4,757",7.82%,0.88%,"1,045",981
10/01/2023,"AED 3,057.00",22,20,"6,905","4,731",8.31%,0.47%,"1,040",979
11/01/2023,"AED 3,818.35",30,27,"7,021","4,800",7.78%,0.63%,"1,031",972
12/01/2023,"AED 3,304.00",30,26,"6,199","4,215",7.10%,0.71%,"1,025",967
13/01/2023,"AED 2,854.11",25,22,"5,569","3,791",7.49%,0.66%,"1,017",959
14/01/2023,"AED 4,986.00",34,31,"5,799","3,955",10.02%,0.86%,"1,008",951
15/01/2023,"AED 4,177.00",38,35,"6,262","4,274",8.86%,0.89%,996,941
16/01/2023,"AED 2,906.00",26,22,"6,407","4,434",5.85%,0.59%,"1,000",944
17/01/2023,"AED 2,315.00",27,23,"6,337","4,411",7.09%,0.61%,996,941
18/01/2023,"AED 3,384.80",26,24,"5,863","4,091",8.39%,0.64%,983,936
19/01/2023,"AED 2,680.00",22,20,"5,710","3,901",7.18%,0.56%,972,925
20/01/2023,"AED 1,914.00",19,13,"5,541","3,780",6.84%,0.50%,968,921
21/01/2023,"AED 2,085.00",20,15,"5,817","3,940",5.83%,0.51%,966,919
22/01/2023,"AED 3,638.00",28,26,"6,364","4,200",6.79%,0.67%,953,909
23/01/2023,"AED 1,558.80",16,13,"6,282","4,258",6.43%,0.38%,960,916
24/01/2023,"AED 2,622.00",28,23,"6,306","4,226",6.42%,0.66%,968,923
25/01/2023,"AED 3,768.00",29,27,"6,317","4,321",6.63%,0.67%,981,937
26/01/2023,"AED 3,300.00",26,22,"6,214","4,147",7.10%,0.63%,986,938
27/01/2023,"AED 5,319.80",44,41,"5,837","3,965",8.99%,1.11%,972,924
28/01/2023,"AED 4,954.00",42,34,"5,798","3,867",6.55%,1.09%,955,907
29/01/2023,"AED 4,413.00",39,34,"6,278","4,142",6.99%,0.94%,941,895
30/01/2023,"AED 3,430.00",28,28,"5,978","4,192",7.43%,0.67%,947,897
31/01/2023,"AED 3,319.00",24,24,"6,010","4,108",10.38%,0.58%,934,884
01/02/2023,"AED 4,999.19",45,44,"6,051","4,234",10.35%,1.06%,944,892
02/02/2023,"AED 3,531.68",36,31,"5,853","3,975",10.52%,0.91%,957,903
03/02/2023,"AED 5,279.26",41,39,"5,169","3,632",14.06%,1.13%,951,898
04/02/2023,"AED 4,974.00",42,39,"5,337","3,654",11.94%,1.15%,939,887
05/02/2023,"AED 3,868.00",29,28,"5,437","3,732",10.48%,0.78%,926,876
06/02/2023,"AED 3,853.00",34,27,"4,852","3,405",12.10%,1.00%,911,865
07/02/2023,"AED 5,015.00",45,38,"5,266","3,711",13.25%,1.21%,903,859
08/02/2023,"AED 4,947.00",37,34,"4,882","3,376",12.72%,1.10%,900,856
09/02/2023,"AED 3,215.00",31,28,"4,849","3,476",12.27%,0.89%,892,849
10/02/2023,"AED 5,068.00",47,42,"4,451","3,121",16.85%,1.51%,913,870
11/02/2023,"AED 4,072.00",35,32,"4,273","3,023",16.71%,1.16%,903,862
12/02/2023,"AED 6,283.90",51,46,"4,771","3,346",13.06%,1.52%,882,843
13/02/2023,"AED 4,239.00",38,34,"4,325","2,960",10.66%,1.28%,830,793
14/02/2023,"AED 3,750.00",30,25,"3,686","2,557",12.59%,1.17%,811,774
15/02/2023,"AED 3,730.00",32,26,"3,628","2,491",13.95%,1.28%,795,760
16/02/2023,"AED 3,390.00",28,27,"3,684","2,583",13.27%,1.08%,781,746
17/02/2023,"AED 1,080.00",10,9,"3,454","2,435",11.00%,0.41%,778,743
18/02/2023,AED 980.00,11,11,"3,459","2,354",10.96%,0.47%,771,736
19/02/2023,"AED 2,588.52",24,22,"3,771","2,603",12.38%,0.92%,763,728
20/02/2023,"AED 2,508.00",21,19,"3,798","2,654",9.79%,0.79%,753,719
21/02/2023,"AED 2,659.00",27,22,"3,713","2,593",7.78%,1.04%,747,714
22/02/2023,"AED 1,815.00",17,16,"3,318","2,322",8.53%,0.73%,741,708
23/02/2023,"AED 3,597.35",28,26,"3,411","2,444",10.23%,1.15%,732,699
24/02/2023,"AED 1,495.00",14,13,"3,087","2,110",6.87%,0.66%,734,702
25/02/2023,"AED 1,292.35",14,14,"3,690","2,520",7.80%,0.56%,740,707
26/02/2023,"AED 1,800.35",15,14,"3,714","2,616",6.03%,0.57%,731,701
27/02/2023,"AED 1,952.00",18,16,"3,667","2,580",7.94%,0.70%,731,703
28/02/2023,"AED 1,959.23",20,19,"3,756","2,612",6.66%,0.77%,747,715
01/03/2023,"AED 2,130.00",19,16,"3,953","2,758",8.42%,0.69%,733,700
02/03/2023,"AED 1,206.53",10,10,"3,444","2,398",8.62%,0.42%,730,700
03/03/2023,"AED 2,327.18",22,20,"3,395","2,339",10.54%,0.94%,725,692
04/03/2023,"AED 4,190.90",28,27,"3,501","2,433",11.77%,1.15%,706,671
05/03/2023,"AED 2,893.00",23,20,"3,375","2,295",10.07%,1.00%,711,676
06/03/2023,"AED 2,718.07",21,21,"3,559","2,507",10.82%,0.84%,709,673
07/03/2023,"AED 4,768.17",35,31,"3,745","2,598",15.38%,1.35%,702,645
08/03/2023,"AED 3,196.12",27,27,"3,617","2,517",13.69%,1.07%,716,662
09/03/2023,"AED 2,575.95",22,21,"3,187","2,254",11.23%,0.98%,707,635
10/03/2023,"AED 2,344.91",21,18,"3,304","2,283",12.14%,0.92%,734,656
11/03/2023,"AED 3,754.95",33,33,"4,091","2,702",12.00%,1.22%,728,647
12/03/2023,"AED 3,631.32",30,29,"4,385","2,917",9.67%,1.03%,708,632
13/03/2023,"AED 2,708.07",24,24,"4,986","3,315",9.75%,0.72%,766,680
14/03/2023,"AED 4,287.08",38,34,"5,407","3,567",10.60%,1.07%,767,683
15/03/2023,"AED 4,500.19",40,38,"4,711","3,248",13.82%,1.23%,761,681
16/03/2023,"AED 3,937.16",30,28,"3,686","2,600",12.62%,1.15%,746,667
17/03/2023,"AED 2,649.59",25,25,"3,831","2,668",11.54%,0.94%,767,686
18/03/2023,"AED 4,383.70",35,32,"4,109","2,850",13.36%,1.23%,791,695
19/03/2023,"AED 4,760.56",38,32,"4,557","3,067",12.31%,1.24%,776,682
20/03/2023,"AED 4,240.57",43,33,"4,290","2,976",12.61%,1.44%,764,675
21/03/2023,"AED 3,450.34",27,26,"5,120","3,469",8.57%,0.78%,787,697
22/03/2023,"AED 3,718.63",27,25,"4,505","3,053",11.39%,0.88%,783,695
23/03/2023,"AED 4,031.24",33,30,"4,144","2,796",13.80%,1.18%,803,717
24/03/2023,"AED 3,800.41",30,28,"4,094","2,693",14.88%,1.11%,776,693
25/03/2023,"AED 4,138.38",41,37,"4,069","2,779",12.72%,1.48%,741,663
26/03/2023,"AED 3,517.49",28,25,"4,113","2,826",10.77%,0.99%,727,652
27/03/2023,"AED 2,769.10",23,22,"4,308","2,943",12.51%,0.78%,745,669
28/03/2023,"AED 4,276.31",37,34,"4,696","3,145",11.50%,1.18%,720,648
29/03/2023,"AED 6,057.55",52,46,"4,356","2,982",13.57%,1.74%,719,646
30/03/2023,"AED 3,968.08",35,31,"4,220","2,892",16.16%,1.21%,720,647
31/03/2023,"AED 4,213.88",34,33,"3,886","2,677",18.86%,1.27%,719,648
01/04/2023,"AED 3,959.89",38,31,"4,074","2,721",14.63%,1.40%,725,653
02/04/2023,"AED 4,577.53",31,28,"4,462","2,994",13.40%,1.04%,706,636
03/04/2023,"AED 4,449.91",40,36,"4,362","2,903",14.17%,1.38%,723,640
04/04/2023,"AED 4,938.98",36,36,"3,890","2,619",14.73%,1.37%,696,618
05/04/2023,"AED 3,094.19",26,24,"4,586","3,036",13.34%,0.86%,748,658
06/04/2023,"AED 4,624.11",38,34,"3,915","2,599",13.97%,1.46%,736,645
07/04/2023,"AED 3,954.06",33,32,"4,037","2,709",12.75%,1.22%,697,611
08/04/2023,"AED 3,125.90",30,27,"3,801","2,536",11.42%,1.18%,699,613
09/04/2023,"AED 3,474.74",29,28,"4,047","2,598",10.49%,1.12%,689,602
10/04/2023,"AED 2,734.40",30,27,"4,477","3,033",11.28%,0.99%,734,631
11/04/2023,"AED 6,482.52",53,46,"5,107","3,399",12.88%,1.56%,727,628
12/04/2023,"AED 3,354.15",32,29,"6,339","4,334",9.26%,0.74%,728,628
13/04/2023,"AED 2,995.07",27,22,"6,120","4,073",8.02%,0.66%,718,620
14/04/2023,"AED 3,830.23",33,31,"5,555","3,696",9.11%,0.89%,720,624
15/04/2023,"AED 5,529.05",42,40,"5,740","3,675",11.33%,1.14%,698,607
16/04/2023,"AED 3,890.78",36,34,"5,475","3,722",9.78%,0.97%,682,595
17/04/2023,"AED 3,570.75",29,29,"5,472","3,472",12.56%,0.84%,679,595
18/04/2023,"AED 1,503.81",16,16,"5,009","3,381",10.59%,0.47%,687,608
19/04/2023,"AED 3,924.32",31,29,"4,010","2,715",10.56%,1.14%,686,607
20/04/2023,"AED 2,461.51",21,20,"3,319","2,170",13.53%,0.97%,671,597
21/04/2023,"AED 3,676.52",28,24,"2,358","1,569",11.79%,1.78%,651,578
22/04/2023,"AED 1,293.88",12,11,"2,703","1,790",7.88%,0.67%,647,575
23/04/2023,"AED 2,741.69",22,18,"3,497","2,306",11.56%,0.95%,637,566
24/04/2023,"AED 3,067.89",37,31,"4,160","2,753",16.63%,1.34%,642,568
25/04/2023,"AED 4,168.91",44,37,"4,173","2,761",13.76%,1.59%,673,597
26/04/2023,"AED 4,884.39",44,42,"4,234","2,729",16.37%,1.61%,651,578
27/04/2023,"AED 4,883.78",44,40,"4,185","2,779",13.95%,1.58%,639,570
28/04/2023,"AED 4,585.63",41,37,"3,881","2,644",15.92%,1.55%,618,552
29/04/2023,"AED 3,203.12",27,26,"3,734","2,395",14.47%,1.13%,611,544
30/04/2023,"AED 3,032.98",30,29,"3,652","2,476",14.19%,1.21%,594,529
01/05/2023,"AED 2,993.51",34,28,"3,639","2,460",11.15%,1.38%,570,507
02/05/2023,"AED 3,129.70",27,24,"4,018","2,705",12.00%,1.00%,594,527
03/05/2023,"AED 3,604.29",32,28,"3,801","2,492",11.77%,1.28%,590,522
04/05/2023,"AED 3,282.34",23,21,"3,871","2,593",11.92%,0.89%,586,521
05/05/2023,"AED 2,801.48",29,26,"3,424","2,297",11.97%,1.26%,585,521
06/05/2023,"AED 2,234.87",25,23,"3,619","2,374",11.93%,1.05%,569,506
07/05/2023,"AED 2,577.84",22,21,"3,884","2,397",8.19%,0.92%,553,490
08/05/2023,"AED 2,742.43",22,18,"3,762","2,453",7.62%,0.90%,579,514
09/05/2023,"AED 2,582.72",20,19,"3,448","2,286",10.92%,0.87%,560,496
10/05/2023,"AED 2,822.84",28,27,"3,574","2,364",14.02%,1.18%,607,539
11/05/2023,"AED 3,626.26",23,19,"3,246","2,196",13.32%,1.05%,593,531
12/05/2023,"AED 2,758.91",24,23,"2,803","1,913",14.13%,1.25%,594,529
13/05/2023,"AED 2,800.18",31,25,"2,660","1,835",13.37%,1.69%,574,511
14/05/2023,"AED 2,006.37",21,21,"3,048","2,007",12.05%,1.05%,563,501
15/05/2023,"AED 2,262.00",22,17,"3,747","2,489",9.51%,0.88%,610,545
16/05/2023,"AED 2,889.90",28,28,"3,848","2,596",15.16%,1.08%,610,545
17/05/2023,"AED 3,483.00",34,31,"3,891","2,712",18.23%,1.25%,589,527
18/05/2023,"AED 4,307.19",43,42,"3,384","2,316",17.98%,1.86%,593,528
19/05/2023,"AED 3,568.05",43,35,"3,421","2,431",19.58%,1.77%,573,515
20/05/2023,"AED 4,811.15",42,33,"3,303","2,330",16.39%,1.80%,558,500
21/05/2023,"AED 3,015.85",30,28,"3,263","2,208",11.11%,1.36%,539,482
22/05/2023,"AED 2,619.95",19,18,"3,600","2,480",11.03%,0.77%,596,534
23/05/2023,"AED 1,728.63",22,20,"3,723","2,562",15.12%,0.86%,595,533
24/05/2023,"AED 4,224.90",35,31,"4,073","2,798",14.14%,1.25%,627,567
25/05/2023,"AED 4,906.84",47,41,"3,903","2,744",18.19%,1.71%,612,554
26/05/2023,"AED 5,258.16",53,50,"3,445","2,488",21.19%,2.13%,596,538
27/05/2023,"AED 5,694.30",47,43,"3,634","2,565",21.51%,1.83%,576,521
28/05/2023,"AED 4,518.35",40,38,"3,283","2,272",15.92%,1.76%,552,498
29/05/2023,"AED 3,099.71",29,27,"3,254","2,181",13.41%,1.33%,562,506
30/05/2023,"AED 4,882.63",52,42,"3,717","2,465",10.86%,2.11%,616,548
31/05/2023,"AED 2,858.64",36,33,"3,921","2,589",16.72%,1.39%,611,548
01/06/2023,"AED 5,721.85",54,47,"3,722","2,496",17.54%,2.16%,594,537
02/06/2023,"AED 5,145.90",44,36,"3,270","2,234",15.62%,1.97%,601,538
03/06/2023,"AED 4,337.46",36,31,"3,262","2,323",19.00%,1.55%,578,520
04/06/2023,"AED 3,959.57",42,37,"3,059","2,147",16.47%,1.96%,552,496
05/06/2023,"AED 3,257.72",35,35,"3,427","2,486",13.96%,1.41%,586,528
06/06/2023,"AED 4,848.82",43,39,"3,207","2,200",13.56%,1.95%,565,512
07/06/2023,"AED 3,771.37",34,32,"3,134","2,154",20.69%,1.58%,562,510
08/06/2023,"AED 3,738.04",39,38,"2,964","2,058",20.68%,1.90%,552,503
09/06/2023,"AED 3,928.52",36,34,"3,497","2,481",15.82%,1.45%,573,522
10/06/2023,"AED 2,811.56",26,24,"3,773","2,695",14.92%,0.96%,590,537
11/06/2023,"AED 2,549.71",29,29,"3,515","2,558",17.72%,1.13%,571,519
12/06/2023,"AED 3,084.00",33,28,"4,222","3,032",15.35%,1.09%,603,549
13/06/2023,"AED 4,951.39",49,48,"3,763","2,656",19.40%,1.84%,576,528
14/06/2023,"AED 4,603.88",46,41,"3,716","2,656",19.19%,1.73%,583,529
15/06/2023,"AED 3,968.59",42,37,"3,338","2,335",17.37%,1.80%,567,521
16/06/2023,"AED 3,748.20",35,31,"2,872","2,021",17.74%,1.73%,557,513
17/06/2023,"AED 3,070.00",34,26,"2,900","1,975",14.73%,1.72%,540,496
18/06/2023,"AED 2,644.77",22,19,"3,124","2,087",10.43%,1.05%,524,480
19/06/2023,"AED 2,336.15",22,21,"3,843","2,685",11.45%,0.82%,582,531
20/06/2023,"AED 2,933.09",27,23,"3,325","2,368",13.12%,1.14%,562,517
21/06/2023,"AED 3,209.96",30,28,"3,455","2,374",16.31%,1.26%,576,530
22/06/2023,"AED 2,736.09",24,23,"2,583","1,802",15.65%,1.33%,560,515
23/06/2023,"AED 1,424.54",16,14,"2,899","1,924",13.65%,0.83%,616,561
24/06/2023,"AED 2,694.36",24,24,"3,338","2,237",15.87%,1.07%,607,560
25/06/2023,"AED 3,404.63",32,30,"3,337","2,209",17.57%,1.45%,598,553
26/06/2023,"AED 2,827.74",29,25,"3,069","2,045",12.66%,1.42%,611,561
27/06/2023,"AED 2,914.56",28,24,"2,858","1,961",14.42%,1.43%,599,552
28/06/2023,"AED 2,154.22",24,22,"2,174","1,515",21.08%,1.58%,587,541
29/06/2023,"AED 3,132.83",25,25,"2,935","2,125",22.07%,1.18%,578,533
30/06/2023,"AED 2,848.58",26,22,"2,356","1,619",12.47%,1.61%,564,519
01/07/2023,"AED 2,578.23",20,19,"3,028","2,071",12.26%,0.97%,657,594
02/07/2023,"AED 4,430.60",43,38,"3,367","2,273",13.43%,1.89%,635,577
03/07/2023,"AED 3,857.43",41,37,"4,188","2,743",14.42%,1.49%,662,606
04/07/2023,"AED 7,452.47",62,56,"3,918","2,737",17.36%,2.27%,646,593
05/07/2023,"AED 5,744.85",52,49,"3,411","2,358",17.67%,2.21%,625,575
06/07/2023,"AED 2,555.94",24,22,"3,407","2,342",13.48%,1.02%,625,575
07/07/2023,"AED 2,854.82",31,31,"3,211","2,185",15.63%,1.42%,611,565
08/07/2023,"AED 3,039.47",31,26,"3,452","2,276",13.42%,1.36%,604,559
09/07/2023,"AED 2,027.35",24,24,"3,675","2,402",14.34%,1.00%,595,550
10/07/2023,"AED 2,551.42",36,32,"3,645","2,490",12.43%,1.45%,612,553
11/07/2023,"AED 5,409.83",54,43,"8,078","5,266",7.86%,1.03%,626,566
12/07/2023,"AED 5,409.31",50,49,"7,363","4,759",9.97%,1.05%,601,555
13/07/2023,"AED 4,641.35",42,37,"3,740","2,544",17.52%,1.65%,605,553
14/07/2023,"AED 3,914.16",30,28,"3,276","2,274",15.62%,1.32%,598,554
15/07/2023,"AED 5,522.00",44,39,"3,569","2,423",15.54%,1.82%,604,554
16/07/2023,"AED 3,747.77",34,33,"3,559","2,390",11.46%,1.42%,588,539
17/07/2023,"AED 2,110.24",23,21,"3,541","2,417",13.84%,0.95%,577,532
18/07/2023,"AED 2,970.58",29,29,"3,456","2,382",12.85%,1.22%,583,540
19/07/2023,"AED 2,072.00",19,17,"3,297","2,348",12.42%,0.81%,576,534
20/07/2023,"AED 2,052.43",23,22,"3,031","2,122",11.43%,1.08%,571,529
21/07/2023,"AED 1,736.00",18,18,"2,843","1,930",12.47%,0.93%,561,521
22/07/2023,"AED 1,237.11",12,12,"3,579","2,518",10.19%,0.48%,602,554
23/07/2023,"AED 3,295.97",31,27,"3,619","2,486",10.68%,1.25%,593,545
24/07/2023,"AED 2,354.28",21,20,"3,833","2,642",11.00%,0.79%,592,544
25/07/2023,"AED 3,883.38",43,39,"4,040","2,764",16.06%,1.56%,608,556
26/07/2023,"AED 3,801.45",40,34,"3,850","2,658",14.74%,1.50%,626,572
27/07/2023,"AED 3,406.16",37,36,"3,681","2,481",15.57%,1.49%,602,560
28/07/2023,"AED 4,350.11",42,40,"3,879","2,634",15.25%,1.59%,607,561
29/07/2023,"AED 3,514.26",34,33,"3,505","2,462",11.32%,1.38%,626,574
30/07/2023,"AED 3,128.36",28,28,"3,663","2,495",9.46%,1.12%,614,563
31/07/2023,"AED 2,719.27",31,29,"3,665","2,534",10.91%,1.22%,589,550
01/08/2023,"AED 3,517.06",37,35,"3,919","2,685",11.47%,1.38%,612,564
02/08/2023,"AED 3,717.18",34,31,"3,896","2,661",11.21%,1.28%,618,570
03/08/2023,"AED 2,990.92",30,29,"3,811","2,607",11.77%,1.15%,628,573
04/08/2023,"AED 1,629.51",18,17,"3,741","2,530",10.01%,0.71%,619,571
05/08/2023,"AED 2,564.85",26,24,"4,279","2,903",8.74%,0.90%,675,602
06/08/2023,"AED 1,959.30",17,15,"4,593","3,079",8.89%,0.55%,667,596
07/08/2023,"AED 3,214.85",35,32,"4,953","3,283",12.97%,1.07%,634,588
08/08/2023,"AED 3,669.86",37,35,"4,546","3,137",12.91%,1.18%,633,586
09/08/2023,"AED 3,431.17",35,31,"4,516","3,079",10.28%,1.14%,614,572
10/08/2023,"AED 4,460.52",41,35,"3,922","2,694",11.45%,1.52%,594,552
11/08/2023,"AED 3,437.76",31,28,"3,744","2,552",11.48%,1.21%,590,549
12/08/2023,"AED 1,593.25",16,16,"3,926","2,694",10.08%,0.59%,593,551
13/08/2023,"AED 3,537.06",31,27,"3,851","2,620",9.50%,1.18%,582,541
14/08/2023,"AED 2,744.09",23,22,"3,862","2,662",9.47%,0.86%,577,536
15/08/2023,"AED 2,223.95",20,20,"3,979","2,596",8.78%,0.77%,595,554
16/08/2023,"AED 3,126.91",30,20,"3,672","2,506",8.70%,1.20%,588,548
17/08/2023,"AED 4,868.45",36,30,"3,819","2,458",12.00%,1.46%,584,543
18/08/2023,"AED 2,342.85",22,22,"3,392","2,259",8.13%,0.97%,570,533
19/08/2023,"AED 3,248.93",31,28,"3,760","2,562",8.16%,1.21%,558,522
20/08/2023,"AED 3,012.25",29,29,"3,875","2,578",7.13%,1.12%,544,508
21/08/2023,"AED 1,650.60",17,15,"3,933","2,605",6.70%,0.65%,561,522
22/08/2023,"AED 1,052.20",12,12,"3,777","2,557",7.08%,0.47%,551,514
23/08/2023,AED 944.28,13,12,"3,999","2,677",6.78%,0.49%,549,512
24/08/2023,"AED 2,795.08",30,28,"4,446","3,020",10.28%,0.99%,597,555
25/08/2023,"AED 4,372.54",50,42,"5,493","3,533",8.06%,1.42%,619,570
26/08/2023,"AED 3,329.11",36,30,"5,104","3,469",7.94%,1.04%,598,558
27/08/2023,"AED 3,265.38",33,31,"5,157","3,455",7.58%,0.96%,581,541
28/08/2023,"AED 2,589.11",27,25,"5,026","3,332",6.41%,0.81%,569,529
29/08/2023,"AED 2,289.50",25,25,"5,351","3,559",6.88%,0.70%,613,561
30/08/2023,"AED 1,830.00",20,20,"5,414","3,532",5.91%,0.57%,596,555
31/08/2023,"AED 2,692.05",23,20,"5,174","3,391",7.54%,0.68%,599,555
01/09/2023,"AED 1,959.00",19,19,"4,763","3,110",8.13%,0.61%,605,559
02/09/2023,"AED 2,517.04",21,20,"5,542","3,572",8.21%,0.59%,629,575
03/09/2023,"AED 3,565.98",33,28,"5,439","3,581",8.52%,0.92%,618,567
04/09/2023,"AED 3,463.96",34,32,"5,419","3,577",8.52%,0.95%,606,562
05/09/2023,"AED 4,738.28",43,35,"6,071","3,839",7.99%,1.12%,633,580
06/09/2023,"AED 3,922.67",40,39,"5,298","3,556",8.67%,1.12%,612,569
07/09/2023,"AED 3,921.01",45,37,"5,071","3,319",7.72%,1.36%,594,554
08/09/2023,"AED 1,550.30",20,19,"4,770","3,212",6.75%,0.62%,601,552
09/09/2023,"AED 4,165.88",41,39,"4,985","3,243",7.70%,1.26%,590,544
10/09/2023,"AED 2,246.74",26,20,"5,153","3,395",6.17%,0.77%,579,534
11/09/2023,"AED 3,203.28",29,28,"5,165","3,429",5.86%,0.85%,571,527
12/09/2023,"AED 2,761.87",33,27,"4,715","3,159",7.18%,1.04%,555,515
13/09/2023,"AED 2,721.82",24,23,"4,669","3,102",6.83%,0.77%,551,510
14/09/2023,"AED 2,149.17",24,23,"4,746","3,119",7.05%,0.77%,562,515
15/09/2023,"AED 1,176.75",17,15,"4,819","3,154",7.21%,0.54%,565,519
16/09/2023,"AED 3,201.30",27,24,"5,208","3,401",6.85%,0.79%,564,521
17/09/2023,"AED 2,874.22",30,30,"5,379","3,505",8.36%,0.86%,542,503
18/09/2023,"AED 2,388.06",23,23,"5,149","3,328",5.73%,0.69%,532,495
19/09/2023,"AED 1,288.79",12,12,"4,466","2,989",5.30%,0.40%,534,497
20/09/2023,"AED 1,737.26",19,18,"4,846","3,256",6.82%,0.58%,527,491
21/09/2023,"AED 2,551.08",23,22,"4,255","2,856",3.86%,0.81%,511,476
22/09/2023,"AED 1,524.62",13,13,"4,010","2,705",3.93%,0.48%,507,472
23/09/2023,"AED 1,332.00",13,10,"4,692","3,068",5.42%,0.42%,527,486
24/09/2023,"AED 2,174.78",17,17,"4,743","3,168",4.89%,0.54%,521,485
25/09/2023,"AED 2,074.11",18,17,"5,187","3,490",4.98%,0.52%,573,532
26/09/2023,"AED 2,783.57",29,28,"5,278","3,441",5.40%,0.84%,556,518
27/09/2023,"AED 1,737.33",23,23,"5,013","3,358",6.07%,0.68%,548,510
28/09/2023,AED 988.52,10,10,"4,367","2,960",5.30%,0.34%,542,504
29/09/2023,"AED 1,694.00",17,17,"4,797","3,120",4.61%,0.54%,540,502
30/09/2023,"AED 2,237.00",18,16,"4,930","3,242",3.69%,0.56%,537,501
01/10/2023,"AED 2,972.16",26,26,"5,589","3,734",4.64%,0.70%,550,515
02/10/2023,"AED 2,942.51",25,24,"5,478","3,651",6.82%,0.68%,570,533
03/10/2023,"AED 2,361.90",26,25,"5,328","3,532",6.85%,0.74%,560,525
04/10/2023,"AED 4,385.18",35,27,"4,963","3,318",6.29%,1.05%,550,514
05/10/2023,"AED 2,442.73",16,12,"4,804","3,144",6.93%,0.51%,555,518
06/10/2023,"AED 2,307.75",27,25,"4,625","3,119",6.64%,0.87%,543,507
07/10/2023,"AED 2,462.33",23,21,"4,786","3,196",6.77%,0.72%,532,496
08/10/2023,"AED 1,703.10",18,17,"4,650","3,180",5.61%,0.57%,523,487
09/10/2023,"AED 1,661.98",13,13,"4,667","3,183",4.66%,0.41%,557,511
10/10/2023,"AED 2,269.26",22,22,"4,404","3,048",5.23%,0.72%,543,505
11/10/2023,"AED 2,498.89",21,20,"5,137","3,464",5.82%,0.61%,577,537
12/10/2023,"AED 1,861.65",19,16,"5,036","3,337",5.69%,0.57%,567,529
13/10/2023,"AED 2,844.46",26,24,"5,124","3,458",6.11%,0.75%,576,531
14/10/2023,"AED 2,106.40",22,19,"5,646","3,763",5.64%,0.58%,565,525
15/10/2023,"AED 2,827.65",30,29,"6,106","4,072",5.94%,0.74%,557,516
16/10/2023,"AED 1,650.99",18,18,"6,410","4,211",6.16%,0.43%,593,547
17/10/2023,"AED 2,397.73",31,28,"6,151","4,179",5.46%,0.74%,628,582
18/10/2023,"AED 3,807.72",33,30,"5,615","3,868",8.07%,0.85%,612,570
19/10/2023,"AED 1,738.12",15,14,"5,383","3,609",6.67%,0.42%,606,564
20/10/2023,"AED 1,287.68",16,15,"5,304","3,541",6.35%,0.45%,601,560
21/10/2023,"AED 2,289.47",22,20,"5,695","3,803",7.09%,0.58%,599,558
22/10/2023,"AED 2,197.42",27,25,"5,891","3,939",5.64%,0.69%,588,549
23/10/2023,"AED 4,285.49",40,32,"6,160","4,077",10.03%,0.98%,641,589
24/10/2023,"AED 2,328.84",26,24,"5,967","3,892",7.72%,0.67%,622,583
25/10/2023,"AED 4,389.77",45,37,"5,795","3,990",6.57%,1.13%,635,593
26/10/2023,"AED 3,492.46",36,34,"5,348","3,696",6.29%,0.97%,619,581
27/10/2023,"AED 3,291.53",37,29,"5,333","3,619",5.88%,1.02%,638,591
28/10/2023,"AED 2,950.74",29,26,"5,802","3,819",6.30%,0.76%,620,582
29/10/2023,"AED 2,248.92",20,20,"6,305","4,201",4.98%,0.48%,611,574
30/10/2023,"AED 2,043.06",24,23,"6,031","3,966",5.39%,0.61%,597,560
31/10/2023,"AED 1,139.25",13,11,"6,112","4,062",4.27%,0.32%,590,553
01/11/2023,"AED 2,599.51",24,22,"6,961","4,686",4.42%,0.51%,647,598
02/11/2023,"AED 4,101.01",44,42,"6,392","4,301",7.07%,1.02%,621,582
03/11/2023,"AED 3,989.89",40,39,"6,380","4,373",5.15%,0.91%,603,565
04/11/2023,"AED 1,999.10",31,24,"6,972","4,680",5.27%,0.66%,650,601
05/11/2023,"AED 4,097.47",38,36,"7,968","5,352",4.45%,0.71%,630,582
06/11/2023,"AED 3,155.01",30,28,"8,064","5,487",4.89%,0.55%,670,609
07/11/2023,"AED 3,111.34",32,29,"8,276","4,613",6.83%,0.69%,689,636
08/11/2023,"AED 3,346.84",32,30,"9,886","5,622",5.92%,0.57%,692,641
09/11/2023,"AED 4,446.93",44,37,"8,133","5,162",6.63%,0.85%,680,636
10/11/2023,"AED 3,067.94",33,26,"7,532","5,015",5.17%,0.66%,668,625
11/11/2023,"AED 2,896.82",30,27,"10,190","6,617",3.68%,0.45%,660,617
12/11/2023,"AED 2,265.09",25,23,"9,201","6,004",2.86%,0.42%,650,607
13/11/2023,"AED 1,566.75",18,18,"6,164","4,123",4.94%,0.44%,645,603
14/11/2023,"AED 1,772.91",22,22,"5,911","3,947",4.57%,0.56%,684,637
15/11/2023,"AED 1,949.91",20,19,"5,319","3,588",5.31%,0.56%,672,630
16/11/2023,"AED 2,542.40",31,27,"5,358","3,550",5.79%,0.87%,657,617
17/11/2023,"AED 1,774.10",22,18,"5,279","3,508",5.63%,0.63%,660,618
18/11/2023,"AED 1,729.38",20,18,"5,543","3,670",4.66%,0.54%,680,633
19/11/2023,"AED 1,809.80",16,16,"5,939","4,031",4.86%,0.40%,676,629
20/11/2023,"AED 3,005.34",29,28,"8,840","5,832",3.24%,0.50%,699,643
21/11/2023,"AED 2,601.48",27,24,"8,079","5,401",4.52%,0.50%,669,628
22/11/2023,"AED 2,861.22",28,24,"7,861","5,301",3.80%,0.53%,696,639
23/11/2023,"AED 2,534.14",28,27,"6,680","4,591",4.57%,0.61%,662,620
24/11/2023,"AED 1,252.03",15,14,"7,505","4,986",3.25%,0.30%,650,608
25/11/2023,"AED 2,694.63",28,25,"7,515","4,968",3.34%,0.56%,644,602
26/11/2023,"AED 1,775.02",24,17,"8,194","5,238",2.61%,0.46%,641,599
27/11/2023,"AED 1,779.67",22,21,"6,879","4,537",3.31%,0.48%,634,595
28/11/2023,"AED 2,010.94",20,19,"6,958","4,611",2.64%,0.43%,650,612
29/11/2023,"AED 1,850.69",24,24,"5,939","3,866",4.70%,0.62%,649,612
30/11/2023,AED 859.12,11,11,"5,266","3,441",3.93%,0.32%,646,611
01/12/2023,"AED 1,043.69",12,12,"4,943","3,246",4.54%,0.37%,636,601
02/12/2023,"AED 1,524.87",17,13,"4,682","3,056",3.69%,0.56%,628,593
03/12/2023,AED 972.75,11,11,"4,739","3,172",3.84%,0.35%,625,590
04/12/2023,"AED 2,766.26",27,22,"5,639","3,758",4.92%,0.72%,633,597
05/12/2023,"AED 1,879.56",16,15,"5,401","3,554",4.75%,0.45%,669,634
06/12/2023,"AED 2,771.62",25,22,"5,424","3,620",4.76%,0.69%,681,646
07/12/2023,"AED 3,016.75",28,25,"5,220","3,443",5.94%,0.81%,676,643
08/12/2023,"AED 2,989.88",28,26,"5,016","3,317",7.52%,0.84%,695,663
09/12/2023,"AED 1,296.79",16,14,"4,901","3,243",6.24%,0.49%,697,664
10/12/2023,"AED 1,292.22",16,12,"5,013","3,317",5.32%,0.48%,693,662
11/12/2023,"AED 2,665.77",26,25,"4,885","3,305",5.84%,0.79%,689,657
12/12/2023,"AED 1,810.70",18,17,"5,034","3,351",4.81%,0.54%,674,641
13/12/2023,"AED 2,080.88",22,19,"4,944","3,254",5.27%,0.68%,665,633
14/12/2023,"AED 1,748.90",21,19,"4,353","2,969",4.26%,0.71%,655,624
15/12/2023,"AED 1,195.53",11,11,"4,254","2,841",4.69%,0.39%,646,615
16/12/2023,AED 714.00,8,7,"4,026","2,715",3.47%,0.29%,643,611
17/12/2023,AED 733.40,7,7,"4,511","2,992",3.51%,0.23%,638,606
18/12/2023,"AED 1,422.64",12,12,"4,434","3,006",3.67%,0.40%,633,602
19/12/2023,"AED 1,562.55",15,15,"4,280","2,883",2.83%,0.52%,623,592
20/12/2023,AED 623.14,9,9,"4,093","2,756",3.02%,0.33%,616,585
21/12/2023,AED 572.00,7,6,"4,140","2,736",3.20%,0.26%,614,583
22/12/2023,AED 450.00,6,5,"3,858","2,617",3.73%,0.23%,629,598
23/12/2023,AED 657.83,8,7,"4,080","2,744",4.69%,0.29%,631,600
24/12/2023,AED 955.10,13,10,"4,107","2,792",4.98%,0.47%,624,593
25/12/2023,"AED 1,398.23",17,14,"4,429","2,911",4.19%,0.58%,615,585
26/12/2023,"AED 2,597.54",14,12,"4,698","3,174",3.47%,0.44%,620,590
27/12/2023,"AED 2,175.01",21,18,"5,028","3,379",3.19%,0.62%,626,596
28/12/2023,"AED 2,028.04",16,15,"5,449","3,366",3.84%,0.48%,618,588
29/12/2023,"AED 2,180.15",11,10,"4,370","2,950",3.23%,0.37%,624,593
30/12/2023,AED 906.20,10,9,"4,238","2,876",3.83%,0.35%,618,587
31/12/2023,"AED 1,229.60",8,8,"3,751","2,495",3.70%,0.32%,611,580
01/01/2024,"AED 1,592.59",14,12,"4,479","2,959",2.52%,0.47%,602,571
02/01/2024,AED 665.00,8,8,"5,356","3,610",3.45%,0.22%,596,565
03/01/2024,AED 876.00,10,9,"4,844","3,265",2.92%,0.31%,588,557
04/01/2024,"AED 1,092.77",12,8,"5,176","3,474",2.30%,0.35%,584,553
05/01/2024,"AED 1,135.70",12,11,"5,009","3,357",2.60%,0.36%,579,548
06/01/2024,AED 713.65,10,7,"5,205","3,438",2.50%,0.29%,587,556
07/01/2024,AED 840.79,12,9,"5,498","3,680",2.96%,0.33%,582,552
08/01/2024,AED 892.31,10,10,"5,807","3,941",3.31%,0.25%,576,546
09/01/2024,"AED 1,619.72",16,13,"5,693","3,747",2.82%,0.43%,568,540
10/01/2024,"AED 1,474.39",16,14,"5,386","3,550",3.44%,0.45%,563,535
11/01/2024,"AED 1,156.68",11,11,"4,884","3,276",3.69%,0.34%,556,528
12/01/2024,"AED 1,260.05",17,17,"4,780","3,256",3.93%,0.52%,546,518
13/01/2024,AED 863.72,9,9,"4,819","3,146",3.35%,0.29%,542,514
14/01/2024,AED 862.04,11,11,"5,080","3,430",3.18%,0.32%,537,509
15/01/2024,"AED 1,244.38",14,12,"5,116","3,466",3.97%,0.40%,547,517
16/01/2024,"AED 1,848.68",25,24,"5,157","3,472",5.56%,0.72%,529,502
17/01/2024,"AED 1,652.05",16,16,"5,023","3,367",3.93%,0.48%,530,503
18/01/2024,"AED 1,657.55",16,15,"4,996","3,301",3.42%,0.48%,533,506
19/01/2024,"AED 1,747.36",18,16,"4,439","2,990",4.43%,0.60%,541,513
20/01/2024,"AED 1,941.51",16,16,"4,875","3,155",5.87%,0.51%,532,504
21/01/2024,"AED 2,385.89",21,20,"5,041","3,349",4.12%,0.63%,525,498
22/01/2024,"AED 1,252.18",15,13,"4,878","3,268",4.80%,0.46%,577,549
23/01/2024,"AED 2,094.32",24,23,"4,819","3,299",6.07%,0.73%,609,579
24/01/2024,"AED 1,137.48",12,12,"5,127","3,392",6.90%,0.35%,637,607
25/01/2024,"AED 1,341.56",16,15,"4,980","3,291",5.05%,0.49%,628,598
26/01/2024,"AED 2,373.63",21,18,"4,870","3,234",4.13%,0.65%,628,598
27/01/2024,"AED 1,838.36",22,20,"5,211","3,395",4.45%,0.65%,634,604
28/01/2024,"AED 1,772.18",18,18,"5,856","3,856",3.24%,0.47%,646,616
29/01/2024,AED 983.12,8,8,"5,407","3,617",4.17%,0.22%,703,667
30/01/2024,"AED 2,034.14",16,15,"5,610","3,706",5.05%,0.43%,703,671
31/01/2024,"AED 2,235.66",28,22,"5,520","3,647",5.14%,0.77%,712,681
01/02/2024,"AED 1,585.00",14,14,"5,180","3,474",4.65%,0.40%,709,678
02/02/2024,"AED 2,406.54",22,20,"5,023","3,403",4.39%,0.65%,724,692
03/02/2024,"AED 2,434.49",24,24,"5,266","3,517",7.28%,0.68%,742,710
04/02/2024,"AED 1,943.90",23,20,"5,500","3,675",5.12%,0.63%,771,739
05/02/2024,"AED 2,644.23",24,21,"5,657","3,748",5.22%,0.64%,864,829
06/02/2024,"AED 2,806.49",27,23,"5,881","3,912",6.44%,0.69%,940,897
07/02/2024,"AED 3,633.53",31,30,"5,885","3,970",7.30%,0.78%,"1,048",999
08/02/2024,"AED 2,685.00",28,21,"5,677","3,890",6.92%,0.72%,"1,111","1,062"
09/02/2024,"AED 2,475.09",28,23,"5,382","3,765",6.85%,0.74%,"1,184","1,122"
10/02/2024,"AED 1,309.55",17,16,"5,791","3,877",6.98%,0.44%,"1,209","1,147"
11/02/2024,"AED 2,773.57",25,25,"6,197","4,168",6.83%,0.60%,"1,210","1,149"
12/02/2024,"AED 2,384.39",26,24,"6,461","4,323",6.50%,0.60%,"1,303","1,232"
13/02/2024,"AED 1,255.72",14,13,"6,363","4,361",7.50%,0.32%,"1,380","1,298"
14/02/2024,"AED 2,042.89",21,19,"5,901","3,960",7.16%,0.53%,"1,449","1,361"
15/02/2024,"AED 2,394.64",25,23,"5,925","4,005",7.48%,0.62%,"1,476","1,373"
16/02/2024,"AED 2,015.39",20,19,"5,653","3,856",5.87%,0.52%,"1,466","1,367"
17/02/2024,"AED 1,772.49",22,17,"5,870","3,964",5.52%,0.55%,"1,496","1,396"
18/02/2024,"AED 2,272.76",24,23,"6,564","4,428",5.36%,0.54%,"1,521","1,422"
19/02/2024,"AED 2,522.00",29,24,"6,755","4,674",5.09%,0.62%,"1,564","1,455"
20/02/2024,"AED 1,780.65",18,18,"6,874","4,633",7.21%,0.39%,"1,574","1,465"
21/02/2024,"AED 1,867.60",18,18,"6,634","4,390",5.78%,0.41%,"1,671","1,561"
22/02/2024,"AED 2,663.88",26,23,"6,517","4,346",5.24%,0.60%,"1,701","1,591"
23/02/2024,"AED 2,872.50",24,20,"6,208","4,262",6.65%,0.56%,"1,735","1,614"
24/02/2024,"AED 3,209.32",32,28,"7,014","4,667",7.60%,0.69%,"1,758","1,630"
25/02/2024,"AED 3,026.35",25,24,"7,177","4,738",6.48%,0.53%,"1,771","1,647"
26/02/2024,"AED 3,130.66",30,28,"7,083","4,847",5.76%,0.62%,"1,777","1,648"
27/02/2024,"AED 2,697.82",25,24,"10,996","7,131",3.94%,0.35%,"1,765","1,640"
28/02/2024,"AED 2,340.17",22,22,"9,517","6,394",3.46%,0.34%,"1,886","1,734"
29/02/2024,"AED 2,343.00",25,21,"8,695","5,925",3.29%,0.42%,"1,910","1,754"
01/03/2024,"AED 1,886.49",18,18,"8,738","5,921",3.77%,0.30%,"1,973","1,812"
02/03/2024,"AED 2,679.10",31,24,"9,225","6,211",3.74%,0.50%,"1,974","1,806"
03/03/2024,"AED 2,456.80",27,23,"9,644","6,558",3.75%,0.41%,"1,973","1,806"
04/03/2024,"AED 2,123.65",20,15,"10,100","6,803",3.92%,0.29%,"2,053","1,876"
05/03/2024,"AED 2,225.69",20,18,"9,382","6,452",3.97%,0.31%,"2,069","1,894"
06/03/2024,"AED 1,422.80",23,20,"9,613","6,458",3.62%,0.36%,"2,115","1,924"
07/03/2024,"AED 2,226.64",28,24,"9,560","6,458",3.81%,0.43%,"2,159","1,964"
08/03/2024,"AED 2,718.00",33,16,"9,101","6,411",3.52%,0.51%,"2,250","2,042"
09/03/2024,"AED 2,865.21",28,26,"8,289","5,520",5.01%,0.51%,"2,261","2,053"
10/03/2024,"AED 3,731.42",32,29,"7,731","5,307",5.49%,0.60%,"2,262","2,058"
11/03/2024,"AED 3,087.45",28,24,"7,338","4,992",4.69%,0.56%,"2,270","2,064"
12/03/2024,"AED 1,111.60",12,12,"7,407","5,083",4.45%,0.24%,"2,310","2,093"
13/03/2024,"AED 2,534.27",23,18,"7,331","4,966",4.01%,0.46%,"2,333","2,112"
14/03/2024,"AED 1,639.82",21,19,"7,767","5,211",3.49%,0.40%,"2,384","2,153"
15/03/2024,"AED 1,659.68",18,18,"7,511","4,970",4.05%,0.36%,"2,386","2,157"
16/03/2024,"AED 2,150.22",21,19,"7,541","4,894",4.60%,0.43%,"2,380","2,153"
17/03/2024,"AED 1,827.90",24,21,"8,345","5,453",4.75%,0.44%,"2,413","2,187"
18/03/2024,"AED 2,061.65",22,18,"7,952","5,362",4.51%,0.41%,"2,408","2,183"
19/03/2024,"AED 3,145.16",31,24,"8,031","5,402",4.70%,0.57%,"2,422","2,189"
20/03/2024,"AED 1,676.89",25,17,"8,055","5,333",4.12%,0.47%,"2,455","2,220"
21/03/2024,"AED 2,225.21",23,21,"7,515","5,012",4.36%,0.46%,"2,467","2,230"
22/03/2024,AED 855.00,10,9,"7,489","4,983",3.75%,0.20%,"2,473","2,236"
23/03/2024,"AED 2,168.96",16,13,"7,754","5,277",3.49%,0.30%,"2,467","2,234"
24/03/2024,"AED 1,216.33",11,10,"8,481","5,605",2.95%,0.20%,"2,472","2,239"
25/03/2024,"AED 1,829.51",22,16,"8,385","5,762",2.69%,0.38%,"2,508","2,274"
26/03/2024,"AED 2,352.93",20,16,"9,241","6,217",2.93%,0.32%,"2,526","2,280"
27/03/2024,"AED 1,631.96",13,13,"9,237","6,354",3.94%,0.20%,"2,543","2,290"
28/03/2024,"AED 1,193.00",11,11,"14,408","9,608",2.52%,0.11%,"2,569","2,310"
29/03/2024,"AED 3,255.71",27,26,"13,642","9,365",2.57%,0.29%,"2,572","2,311"
30/03/2024,"AED 2,514.80",25,22,"14,621","9,509",2.00%,0.26%,"2,628","2,366"
31/03/2024,"AED 1,238.00",13,13,"13,968","9,401",2.18%,0.14%,"2,656","2,393"
01/04/2024,"AED 1,480.52",14,12,"13,396","9,108",1.95%,0.15%,"2,669","2,408"
02/04/2024,"AED 2,606.12",20,20,"13,120","8,865",2.69%,0.23%,"2,715","2,445"
03/04/2024,"AED 3,058.18",31,21,"13,174","8,772",2.27%,0.35%,"2,735","2,464"
04/04/2024,"AED 1,229.44",13,12,"12,402","8,331",1.92%,0.16%,"2,746","2,470"
05/04/2024,"AED 1,514.16",25,15,"11,534","7,737",2.51%,0.32%,"2,744","2,470"
06/04/2024,"AED 1,681.20",14,12,"11,568","7,592",2.22%,0.18%,"2,765","2,489"
07/04/2024,AED 700.00,9,8,"10,320","6,709",2.13%,0.13%,"2,765","2,492"
08/04/2024,AED 639.16,6,5,"9,683","6,478",2.37%,0.09%,"2,783","2,502"
09/04/2024,"AED 1,606.43",20,15,"8,411","5,766",3.30%,0.35%,"2,789","2,501"
10/04/2024,AED 936.20,9,7,"6,709","4,552",2.77%,0.20%,"2,789","2,502"
11/04/2024,AED 970.00,10,9,"8,424","5,623",3.57%,0.18%,"2,792","2,509"
12/04/2024,"AED 2,207.21",20,18,"9,421","6,187",4.09%,0.32%,"2,813","2,518"
13/04/2024,"AED 1,728.22",19,18,"10,539","6,853",4.09%,0.28%,"2,822","2,526"
14/04/2024,"AED 3,961.76",38,34,"10,630","7,147",4.50%,0.53%,"2,824","2,532"
15/04/2024,"AED 2,851.71",33,31,"10,581","6,904",3.82%,0.48%,"2,823","2,530"
16/04/2024,"AED 2,186.30",26,21,"8,567","5,722",4.85%,0.45%,"2,816","2,525"
17/04/2024,"AED 1,391.93",19,16,"8,287","5,591",4.82%,0.34%,"2,817","2,528"
18/04/2024,"AED 2,348.92",30,29,"8,608","5,920",4.53%,0.51%,"2,865","2,567"
19/04/2024,"AED 2,541.00",32,27,"9,266","6,163",4.13%,0.52%,"2,893","2,593"
20/04/2024,"AED 2,035.85",28,21,"10,220","6,804",4.49%,0.41%,"2,930","2,637"
21/04/2024,"AED 1,324.90",20,16,"10,337","6,995",4.23%,0.29%,"2,960","2,657"
22/04/2024,"AED 2,025.00",27,24,"10,346","7,085",4.42%,0.38%,"2,963","2,659"
23/04/2024,"AED 3,458.00",43,30,"10,392","7,067",4.40%,0.61%,"2,991","2,669"
24/04/2024,"AED 3,499.38",31,25,"11,183","7,556",5.05%,0.41%,"2,999","2,678"
25/04/2024,"AED 3,427.05",36,31,"11,599","7,697",5.14%,0.47%,"3,016","2,698"
26/04/2024,"AED 3,217.66",42,32,"10,600","7,153",5.01%,0.59%,"3,068","2,741"
27/04/2024,"AED 4,032.52",47,33,"11,796","7,795",4.44%,0.60%,"3,085","2,755"
28/04/2024,"AED 4,598.94",51,41,"12,808","8,696",4.72%,0.59%,"3,129","2,798"
29/04/2024,"AED 5,489.63",61,43,"12,596","8,452",5.95%,0.72%,"3,126","2,801"
30/04/2024,"AED 3,904.60",44,41,"12,797","8,553",5.37%,0.51%,"3,119","2,796"
01/05/2024,"AED 3,046.68",44,38,"11,701","7,742",5.96%,0.57%,"3,113","2,790"
02/05/2024,"AED 5,112.20",50,43,"11,746","7,783",5.27%,0.64%,"3,104","2,782"
03/05/2024,"AED 4,746.40",49,35,"11,409","7,596",4.90%,0.65%,"3,248","2,897"
04/05/2024,"AED 3,127.00",25,23,"12,302","8,284",5.15%,0.30%,"3,275","2,919"
05/05/2024,"AED 4,204.67",43,37,"14,034","9,282",4.47%,0.46%,"3,335","2,977"
06/05/2024,"AED 2,990.40",34,28,"13,155","8,934",5.52%,0.38%,"3,398","3,030"
07/05/2024,"AED 2,988.75",37,29,"13,023","8,642",4.78%,0.43%,"3,406","3,040"
08/05/2024,"AED 3,184.50",43,37,"11,954","8,142",5.24%,0.53%,"3,407","3,036"
09/05/2024,"AED 2,925.00",32,27,"11,977","7,964",4.76%,0.40%,"3,403","3,030"
10/05/2024,"AED 2,176.09",28,24,"11,644","7,767",4.73%,0.36%,"3,405","3,032"
11/05/2024,"AED 2,897.00",27,26,"12,114","7,953",4.52%,0.34%,"3,401","3,029"
12/05/2024,"AED 3,726.20",37,30,"13,284","8,685",4.01%,0.43%,"3,418","3,052"
13/05/2024,"AED 3,251.65",40,31,"12,595","8,419",4.54%,0.48%,"3,446","3,079"
14/05/2024,"AED 3,860.18",41,32,"12,435","8,532",4.16%,0.48%,"3,471","3,096"
15/05/2024,"AED 3,869.82",35,25,"12,973","8,694",4.46%,0.40%,"3,506","3,128"
16/05/2024,"AED 3,605.00",27,20,"12,542","8,407",4.21%,0.32%,"3,527","3,148"
17/05/2024,"AED 2,196.38",22,18,"11,674","7,930",3.35%,0.28%,"3,532","3,154"
18/05/2024,"AED 2,976.18",29,26,"13,544","9,016",3.57%,0.32%,"3,543","3,168"
19/05/2024,"AED 2,790.63",36,26,"14,770","9,834",3.66%,0.37%,"3,598","3,221"
20/05/2024,"AED 4,223.28",50,43,"14,857","10,095",4.63%,0.50%,"3,726","3,331"
21/05/2024,"AED 2,636.33",27,25,"14,807","9,842",4.47%,0.27%,"3,724","3,330"
22/05/2024,"AED 5,098.37",52,45,"14,495","9,800",4.56%,0.53%,"3,724","3,329"
23/05/2024,"AED 3,925.10",41,37,"14,626","9,892",3.89%,0.41%,"3,779","3,386"
24/05/2024,"AED 3,390.97",37,30,"13,515","9,124",3.22%,0.41%,"3,834","3,430"
25/05/2024,"AED 2,949.69",34,31,"14,853","9,912",4.39%,0.34%,"3,840","3,428"
26/05/2024,"AED 5,227.34",56,42,"16,695","11,110",3.67%,0.50%,"3,916","3,512"
27/05/2024,"AED 2,602.94",30,29,"16,233","10,914",3.21%,0.27%,"3,902","3,506"
28/05/2024,"AED 4,125.23",46,39,"16,195","10,759",3.67%,0.43%,"3,922","3,516"
29/05/2024,"AED 5,279.42",71,52,"15,118","10,113",4.10%,0.70%,"3,916","3,517"
30/05/2024,"AED 4,517.20",45,43,"15,353","10,362",4.40%,0.43%,"3,975","3,562"
31/05/2024,"AED 5,354.00",40,35,"14,610","9,702",3.97%,0.41%,"3,982","3,575"
01/06/2024,"AED 3,577.88",41,34,"15,333","10,001",3.72%,0.41%,"3,974","3,570"
02/06/2024,"AED 3,356.40",55,27,"16,778","11,027",3.48%,0.50%,"4,004","3,602"
03/06/2024,"AED 3,570.85",33,30,"16,796","11,037",3.40%,0.30%,"4,001","3,597"
04/06/2024,"AED 3,798.12",33,27,"15,200","10,096",3.79%,0.33%,"4,005","3,600"
05/06/2024,"AED 2,740.66",30,28,"16,137","10,648",3.78%,0.28%,"4,062","3,638"
06/06/2024,"AED 3,791.09",43,31,"14,525","9,628",4.65%,0.45%,"4,056","3,634"
07/06/2024,"AED 1,396.20",23,18,"14,557","9,510",3.98%,0.24%,"4,091","3,668"
08/06/2024,"AED 2,433.68",24,21,"15,083","9,948",3.33%,0.24%,"4,101","3,681"
09/06/2024,"AED 4,012.95",42,35,"15,489","10,371",4.38%,0.40%,"4,101","3,684"
10/06/2024,"AED 3,732.46",37,35,"15,299","10,243",5.06%,0.36%,"4,109","3,683"
11/06/2024,"AED 5,050.69",52,43,"14,726","9,950",4.94%,0.52%,"4,104","3,682"
12/06/2024,"AED 3,160.00",31,22,"14,223","9,457",4.96%,0.33%,"4,126","3,688"
13/06/2024,"AED 5,097.59",49,45,"13,333","9,069",6.23%,0.54%,"4,121","3,681"
14/06/2024,"AED 4,802.10",38,33,"12,456","8,409",5.45%,0.45%,"4,180","3,732"
15/06/2024,"AED 2,368.00",28,28,"12,179","8,232",5.65%,0.34%,"4,184","3,737"
16/06/2024,"AED 2,568.44",23,19,"10,732","7,245",4.37%,0.32%,"4,182","3,737"
17/06/2024,"AED 2,730.00",24,23,"12,883","8,607",4.67%,0.28%,"4,181","3,737"
18/06/2024,"AED 5,182.70",49,42,"14,881","10,075",4.21%,0.49%,"4,257","3,808"
19/06/2024,"AED 2,987.40",28,25,"15,452","10,258",3.86%,0.27%,"4,312","3,856"
20/06/2024,"AED 4,224.89",43,38,"15,455","10,412",5.14%,0.41%,"4,394","3,935"
21/06/2024,"AED 3,760.68",35,34,"14,384","9,687",6.03%,0.36%,"4,466","4,005"
22/06/2024,"AED 5,320.67",50,43,"15,272","10,238",5.10%,0.49%,"4,543","4,078"
23/06/2024,"AED 5,568.05",53,46,"16,396","11,020",4.53%,0.48%,"4,553","4,090"
24/06/2024,"AED 2,090.68",25,24,"15,969","10,883",4.25%,0.23%,"4,590","4,123"
25/06/2024,"AED 6,789.36",52,47,"16,556","11,153",4.83%,0.47%,"4,600","4,132"
26/06/2024,"AED 4,152.06",47,36,"15,661","10,630",4.78%,0.44%,"4,628","4,159"
27/06/2024,"AED 3,855.93",46,43,"15,553","10,532",5.88%,0.44%,"4,711","4,240"
28/06/2024,"AED 6,150.79",68,61,"15,336","10,420",7.06%,0.65%,"4,709","4,239"
29/06/2024,"AED 8,344.89",85,72,"16,845","11,147",5.89%,0.76%,"4,761","4,291"
30/06/2024,"AED 8,076.30",73,61,"17,607","11,684",6.94%,0.62%,"4,814","4,350"
01/07/2024,"AED 8,436.88",81,72,"17,820","11,720",7.14%,0.69%,"4,807","4,344"
02/07/2024,"AED 4,555.39",47,42,"18,653","12,496",6.91%,0.38%,"4,810","4,347"
03/07/2024,"AED 6,216.99",52,47,"17,812","12,016",7.23%,0.43%,"4,804","4,345"
04/07/2024,"AED 4,709.99",47,41,"17,828","11,962",6.23%,0.39%,"4,802","4,345"
05/07/2024,"AED 5,379.09",50,44,"17,874","12,047",6.72%,0.42%,"4,831","4,369"
06/07/2024,"AED 9,124.19",71,63,"20,145","12,909",6.04%,0.55%,"4,828","4,365"
07/07/2024,"AED 5,934.64",64,54,"20,876","13,903",6.02%,0.46%,"4,839","4,382"
08/07/2024,"AED 4,411.35",44,39,"17,466","11,571",6.38%,0.38%,"4,841","4,377"
09/07/2024,"AED 3,685.35",40,35,"17,899","11,822",6.27%,0.34%,"4,861","4,381"
10/07/2024,"AED 4,790.90",48,37,"17,002","11,623",6.89%,0.41%,"4,847","4,367"
11/07/2024,"AED 3,557.15",41,38,"16,732","11,060",6.49%,0.37%,"4,842","4,362"
12/07/2024,"AED 2,386.95",19,18,"5,359","3,508",10.01%,0.54%,377,357
13/07/2024,"AED 3,489.28",26,26,"16,240","10,789",4.17%,0.24%,"4,854","4,367"
14/07/2024,"AED 3,516.00",23,20,"17,036","11,359",5.23%,0.20%,"4,909","4,425"
15/07/2024,"AED 4,273.34",37,33,"17,244","11,528",5.36%,0.32%,"4,940","4,452"
16/07/2024,"AED 5,167.43",55,44,"32,421","21,043",3.42%,0.26%,"4,947","4,466"
17/07/2024,"AED 3,497.45",27,27,"28,030","18,384",3.04%,0.15%,"4,967","4,486"
18/07/2024,"AED 3,983.15",39,36,"25,190","16,586",3.73%,0.24%,"5,024","4,530"
19/07/2024,"AED 1,643.96",20,20,"21,812","14,424",3.24%,0.14%,"5,088","4,582"
20/07/2024,"AED 3,817.12",43,30,"23,455","15,330",3.60%,0.28%,"5,117","4,611"
21/07/2024,"AED 3,996.99",38,34,"25,971","16,730",3.52%,0.23%,"5,108","4,609"
22/07/2024,"AED 4,273.59",34,32,"17,530","11,680",4.20%,0.29%,"5,135","4,622"
23/07/2024,"AED 2,650.84",25,23,"17,009","11,347",4.84%,0.22%,"5,150","4,629"
24/07/2024,"AED 3,437.83",29,28,"15,597","10,624",5.15%,0.27%,"5,152","4,627"
25/07/2024,"AED 2,340.74",22,20,"16,198","10,959",4.52%,0.20%,"5,146","4,659"
26/07/2024,"AED 1,690.51",17,16,"15,682","10,477",4.36%,0.16%,"5,156","4,662"
27/07/2024,"AED 2,939.98",31,29,"16,523","11,038",3.79%,0.28%,"5,154","4,664"
28/07/2024,"AED 3,510.75",33,30,"18,519","11,671",3.90%,0.28%,"5,148","4,661"
29/07/2024,"AED 2,899.23",31,27,"16,910","11,158",4.18%,0.28%,"5,145","4,658"
30/07/2024,"AED 5,717.44",46,36,"16,542","11,054",3.80%,0.42%,"5,155","4,665"
31/07/2024,"AED 5,191.48",46,36,"16,551","10,996",4.25%,0.42%,"5,158","4,659"
01/08/2024,"AED 4,140.79",39,38,"16,410","10,864",4.24%,0.36%,"5,164","4,649"
02/08/2024,"AED 2,484.60",27,26,"16,258","10,736",4.23%,0.25%,"5,161","4,646"
03/08/2024,"AED 3,610.00",34,30,"17,477","11,337",3.81%,0.30%,"5,162","4,648"
04/08/2024,"AED 5,085.36",41,35,"17,428","11,383",4.45%,0.36%,"5,159","4,647"
05/08/2024,"AED 5,286.40",55,44,"18,107","11,911",4.78%,0.46%,"5,159","4,648"
06/08/2024,"AED 3,679.75",36,34,"17,873","11,711",4.91%,0.31%,"5,166","4,649"
07/08/2024,"AED 5,229.70",43,36,"16,849","11,308",4.65%,0.38%,"5,195","4,676"
08/08/2024,"AED 5,558.60",50,44,"17,159","11,362",5.53%,0.44%,"5,203","4,678"
09/08/2024,"AED 5,786.39",52,41,"15,224","10,329",5.85%,0.50%,"5,204","4,671"
10/08/2024,"AED 4,164.43",40,39,"16,423","10,988",5.32%,0.36%,"5,201","4,667"
11/08/2024,"AED 5,443.46",53,48,"17,283","11,413",5.06%,0.46%,"5,192","4,664"
12/08/2024,"AED 4,198.96",42,37,"18,224","12,109",5.05%,0.35%,"5,193","4,663"
13/08/2024,"AED 5,568.17",53,49,"16,993","11,246",4.66%,0.47%,"5,220","4,690"
14/08/2024,"AED 5,207.90",50,42,"16,844","11,091",5.00%,0.45%,"5,244","4,715"
15/08/2024,"AED 2,607.26",29,29,"17,158","11,091",3.71%,0.26%,"5,263","4,727"
16/08/2024,"AED 2,972.38",31,24,"16,593","10,897",3.89%,0.28%,"5,270","4,731"
17/08/2024,"AED 5,000.00",51,38,"17,439","11,618",4.08%,0.44%,"5,271","4,732"
18/08/2024,"AED 7,288.00",64,49,"18,701","12,434",5.25%,0.51%,"5,258","4,728"
19/08/2024,"AED 4,596.62",41,39,"18,171","12,352",4.49%,0.33%,"5,252","4,727"
20/08/2024,"AED 5,592.81",40,37,"18,034","12,155",4.54%,0.33%,"5,253","4,726"
21/08/2024,"AED 4,084.00",36,34,"17,966","11,918",4.55%,0.30%,"5,252","4,726"
22/08/2024,"AED 3,588.48",31,25,"17,815","11,993",4.25%,0.26%,"5,345","4,803"
23/08/2024,"AED 4,631.50",47,39,"18,097","12,231",4.39%,0.38%,"5,405","4,867"
24/08/2024,"AED 6,471.11",58,52,"18,980","12,718",4.86%,0.46%,"5,435","4,877"
25/08/2024,"AED 7,638.60",79,64,"19,338","12,831",4.87%,0.62%,"5,462","4,910"
26/08/2024,"AED 5,990.06",73,51,"18,929","12,584",4.99%,0.58%,"5,483","4,933"
27/08/2024,"AED 8,319.94",74,59,"19,999","13,003",5.25%,0.57%,"5,500","4,947"
28/08/2024,"AED 5,112.80",58,46,"19,202","12,862",4.30%,0.45%,"5,564","5,006"
29/08/2024,"AED 6,413.02",54,44,"19,570","13,034",4.27%,0.41%,"5,556","5,000"
30/08/2024,"AED 5,790.06",50,45,"18,947","12,730",3.99%,0.39%,"5,545","4,996"
31/08/2024,"AED 5,096.32",45,40,"19,950","13,534",4.26%,0.33%,"5,539","4,997"
01/09/2024,"AED 5,453.84",49,45,"21,355","13,932",3.99%,0.35%,"5,531","4,997"
02/09/2024,"AED 5,404.54",52,45,"20,695","13,817",4.05%,0.38%,"5,523","4,995"
03/09/2024,"AED 5,650.26",45,40,"22,505","15,133",3.65%,0.30%,"5,519","4,998"
04/09/2024,"AED 5,361.88",51,49,"21,666","14,504",3.41%,0.35%,"5,522","4,998"
05/09/2024,"AED 3,631.83",39,36,"21,243","14,002",3.77%,0.28%,"5,519","4,993"
06/09/2024,"AED 3,189.71",43,29,"20,892","14,162",4.07%,0.30%,"5,515","4,990"
07/09/2024,"AED 4,580.71",40,36,"21,698","14,113",4.13%,0.28%,"5,510","4,987"
08/09/2024,"AED 4,253.73",39,36,"21,007","13,868",3.68%,0.28%,"5,507","4,992"
09/09/2024,"AED 4,830.45",48,40,"20,007","13,052",5.11%,0.37%,"5,504","4,991"
10/09/2024,"AED 5,795.29",48,43,"18,228","12,295",5.08%,0.39%,"5,515","4,992"
11/09/2024,"AED 5,598.61",47,45,"18,443","12,373",5.74%,0.38%,"5,514","4,994"
12/09/2024,"AED 6,701.18",61,40,"17,696","11,606",5.71%,0.53%,"5,514","4,986"
13/09/2024,"AED 6,684.50",52,48,"16,690","11,215",6.20%,0.46%,"5,499","4,981"
14/09/2024,"AED 5,103.69",54,47,"17,598","11,571",5.31%,0.47%,"5,499","4,978"
15/09/2024,"AED 5,959.00",50,44,"19,877","12,947",4.80%,0.39%,"5,503","4,982"
16/09/2024,"AED 7,189.90",61,57,"19,134","12,639",4.68%,0.48%,"5,510","4,983"
17/09/2024,"AED 4,925.44",44,35,"19,007","12,533",4.82%,0.35%,"5,506","4,981"
18/09/2024,"AED 4,324.18",52,35,"17,848","11,935",4.55%,0.44%,"5,507","4,976"
19/09/2024,"AED 4,672.60",40,36,"18,320","11,977",3.97%,0.33%,"5,502","4,972"
20/09/2024,"AED 3,304.33",30,27,"16,827","11,169",3.79%,0.27%,"5,502","4,973"
21/09/2024,"AED 4,974.26",32,31,"17,926","11,613",4.15%,0.28%,"5,503","4,973"
22/09/2024,"AED 3,402.68",29,28,"18,982","12,576",3.45%,0.23%,"5,502","4,973"
23/09/2024,"AED 4,651.00",32,25,"18,369","12,360",3.15%,0.26%,"5,508","4,973"